epoch,train_loss,valid_loss,accuracy
1,0.509591,0.367968,0.826474
2,0.391830,0.353120,0.834459
3,0.369939,0.350764,0.833385
4,0.365053,0.351181,0.841370
5,0.367401,0.353041,0.839834
6,0.359908,0.349027,0.840756
7,0.357097,0.343683,0.840909
8,0.351219,0.340211,0.841370
9,0.349578,0.340314,0.841523
10,0.345740,0.340155,0.841523
