epoch,train_loss,valid_loss,accuracy
1,0.475710,0.374145,0.825553
2,0.382681,0.368725,0.830467
3,0.370289,0.366467,0.829853
4,0.360914,0.364675,0.826167
5,0.359081,0.356061,0.832924
6,0.350167,0.371719,0.831542
7,0.356129,0.356391,0.834459
8,0.351792,0.353203,0.837838
9,0.353188,0.352439,0.836149
10,0.346326,0.352263,0.837224
