epoch,train_loss,valid_loss,accuracy
1,0.428188,0.454652,0.792844
2,0.378189,0.381584,0.818028
3,0.364710,0.379456,0.825092
4,0.356855,0.362728,0.832617
5,0.356491,0.360485,0.832617
6,0.352158,0.358062,0.835688
7,0.346204,0.356693,0.836916
8,0.345164,0.357514,0.836302
9,0.333964,0.353465,0.840295
10,0.332596,0.353649,0.838298
