epoch,train_loss,valid_loss,accuracy
1,0.529638,0.360132,0.834638
2,0.402891,0.358266,0.829879
3,0.378962,0.354297,0.835867
4,0.377220,0.353714,0.841394
5,0.370338,0.350076,0.835713
6,0.365052,0.344815,0.838630
7,0.361732,0.347293,0.840626
8,0.358748,0.343586,0.840319
9,0.356180,0.343510,0.841394
10,0.358164,0.343845,0.840473
