epoch,train_loss,valid_loss,accuracy
1,0.586909,0.405868,0.816953
2,0.422430,0.373245,0.825706
3,0.402666,0.370358,0.822328
4,0.393121,0.363443,0.826474
5,0.385212,0.361165,0.830160
6,0.385113,0.362273,0.832617
7,0.376951,0.360549,0.833385
8,0.371592,0.358533,0.833538
9,0.369898,0.358380,0.832617
10,0.367751,0.358153,0.833385
