epoch,train_loss,valid_loss,accuracy
1,0.512611,0.372410,0.828471
2,0.401289,0.357910,0.832310
3,0.381260,0.354904,0.835227
4,0.369313,0.356200,0.836302
5,0.364415,0.358010,0.833999
6,0.367875,0.351106,0.839373
7,0.360807,0.350693,0.836916
8,0.356247,0.350356,0.838298
9,0.356008,0.349888,0.837531
10,0.352492,0.349675,0.837224
