epoch,train_loss,valid_loss,accuracy
1,0.503929,0.363247,0.830800
2,0.393037,0.349173,0.836481
3,0.376849,0.353412,0.837709
4,0.365594,0.353070,0.837402
5,0.366598,0.348629,0.835253
6,0.361594,0.345354,0.842776
7,0.363951,0.344085,0.841241
8,0.355753,0.341893,0.841548
9,0.354376,0.341663,0.842315
10,0.355393,0.342549,0.841394
