epoch,train_loss,valid_loss,accuracy
1,0.425999,0.366109,0.828650
2,0.383606,0.433721,0.820206
3,0.370926,0.374942,0.834331
4,0.365293,0.352098,0.839552
5,0.359966,0.381399,0.822816
6,0.357698,0.343648,0.838630
7,0.351227,0.342634,0.843851
8,0.344869,0.342651,0.843697
9,0.344676,0.343442,0.842008
10,0.339017,0.342842,0.844618
