epoch,train_loss,valid_loss,accuracy
1,0.496608,0.393235,0.816800
2,0.393311,0.375515,0.812039
3,0.378128,0.361152,0.832310
4,0.373379,0.359792,0.833077
5,0.362964,0.368740,0.827396
6,0.366047,0.359343,0.833692
7,0.367044,0.358388,0.833077
8,0.356401,0.356193,0.835688
9,0.349145,0.357215,0.833845
10,0.350965,0.356265,0.834767
