epoch,train_loss,valid_loss,accuracy
1,0.514315,0.377323,0.825246
2,0.395822,0.360366,0.834152
3,0.375990,0.366765,0.828471
4,0.371008,0.359789,0.832770
5,0.367970,0.358977,0.831849
6,0.361066,0.356396,0.837070
7,0.361253,0.357662,0.830927
8,0.357707,0.353913,0.839988
9,0.351215,0.353693,0.838452
10,0.353469,0.353594,0.838913
