epoch,train_loss,valid_loss,accuracy
1,0.448062,0.351205,0.836763
2,0.374003,0.348613,0.838145
3,0.361155,0.359773,0.825706
4,0.362390,0.354166,0.838298
5,0.361329,0.352937,0.840602
6,0.354230,0.346494,0.831081
7,0.352628,0.343910,0.840448
8,0.347493,0.343211,0.842905
9,0.348378,0.342164,0.842291
10,0.347971,0.342035,0.841830
