epoch,train_loss,valid_loss,accuracy
1,0.437360,0.354187,0.834945
2,0.375279,0.347986,0.837249
3,0.361180,0.358467,0.833410
4,0.359358,0.344469,0.839245
5,0.354213,0.347342,0.837709
6,0.356336,0.350339,0.837863
7,0.351556,0.343647,0.839859
8,0.346321,0.342832,0.842930
9,0.343005,0.343416,0.841394
10,0.341917,0.342276,0.843697
