epoch,train_loss,valid_loss,accuracy
1,0.483262,0.373672,0.823710
2,0.382982,0.368309,0.828471
3,0.372268,0.361996,0.831388
4,0.366057,0.369008,0.828010
5,0.364636,0.365797,0.834459
6,0.360134,0.358398,0.835534
7,0.357212,0.358242,0.832924
8,0.353173,0.357789,0.835381
9,0.353097,0.355616,0.836763
10,0.347233,0.355675,0.836456
