epoch,train_loss,valid_loss,accuracy
1,0.568622,0.386554,0.825733
2,0.411536,0.349842,0.839091
3,0.390265,0.354372,0.838016
4,0.378464,0.347194,0.840473
5,0.376558,0.344905,0.839245
6,0.373428,0.348297,0.839398
7,0.368431,0.343459,0.838170
8,0.364503,0.345398,0.838784
9,0.362162,0.343657,0.840166
10,0.359062,0.344225,0.840166
