epoch,train_loss,valid_loss,accuracy
1,0.455246,0.376354,0.825553
2,0.374974,0.377079,0.827242
3,0.364201,0.364573,0.829238
4,0.358279,0.360334,0.832924
5,0.359194,0.356407,0.835842
6,0.351781,0.355275,0.833999
7,0.349670,0.359343,0.833385
8,0.345180,0.355568,0.836456
9,0.341000,0.354054,0.838298
10,0.338856,0.353349,0.838606
