epoch,train_loss,valid_loss,accuracy
1,0.559764,0.370545,0.824631
2,0.413333,0.372078,0.812500
3,0.388000,0.359535,0.831081
4,0.380974,0.352384,0.837838
5,0.379457,0.351809,0.839527
6,0.371909,0.346593,0.838452
7,0.371547,0.346568,0.838452
8,0.364746,0.345906,0.835688
9,0.367586,0.345040,0.837377
10,0.362740,0.345230,0.835227
