epoch,train_loss,valid_loss,accuracy
1,0.436216,0.385321,0.814189
2,0.386589,0.378209,0.832463
3,0.371695,0.354152,0.830467
4,0.361515,0.351964,0.833385
5,0.362333,0.348139,0.842752
6,0.357857,0.344427,0.842445
7,0.356399,0.349448,0.840602
8,0.349501,0.342557,0.843980
9,0.341425,0.340162,0.843980
10,0.339351,0.341844,0.845362
