epoch,train_loss,valid_loss,accuracy
1,0.596514,0.452005,0.771959
2,0.430710,0.364439,0.830006
3,0.399795,0.364368,0.834152
4,0.388049,0.363358,0.833845
5,0.382026,0.358682,0.835842
6,0.379348,0.361479,0.831235
7,0.375039,0.359665,0.832463
8,0.373952,0.358579,0.835227
9,0.370058,0.357315,0.835534
10,0.366915,0.356567,0.836302
