epoch,train_loss,valid_loss,accuracy
1,0.422430,0.385258,0.824324
2,0.374538,0.384296,0.828317
3,0.368560,0.376619,0.816339
4,0.360106,0.362060,0.834767
5,0.359176,0.358092,0.833538
6,0.349580,0.356321,0.835074
7,0.347439,0.358325,0.838606
8,0.346575,0.353032,0.835381
9,0.337957,0.353898,0.831235
10,0.333282,0.355144,0.832156
