epoch,train_loss,valid_loss,accuracy
1,0.486024,0.371178,0.824631
2,0.384264,0.360209,0.833845
3,0.369011,0.358411,0.832924
4,0.362011,0.353170,0.833231
5,0.361245,0.354042,0.836916
6,0.359453,0.350261,0.837684
7,0.354456,0.348792,0.838452
8,0.354901,0.349829,0.838913
9,0.348842,0.348814,0.840602
10,0.347599,0.348572,0.840448
