epoch,train_loss,valid_loss,accuracy
1,0.438369,0.355849,0.830313
2,0.375824,0.351557,0.834459
3,0.363662,0.350933,0.836149
4,0.358609,0.354538,0.833999
5,0.354742,0.360225,0.833538
6,0.350525,0.350199,0.836763
7,0.347629,0.349499,0.833999
8,0.345910,0.350453,0.839834
9,0.343059,0.350201,0.840295
10,0.339848,0.350297,0.841370
