epoch,train_loss,valid_loss,accuracy
1,0.494463,0.361529,0.830774
2,0.397731,0.359034,0.829392
3,0.376081,0.352656,0.838913
4,0.368977,0.351593,0.834152
5,0.366926,0.348745,0.838452
6,0.360858,0.350206,0.828010
7,0.362304,0.344321,0.838452
8,0.357404,0.343304,0.841216
9,0.356953,0.342431,0.841523
10,0.352329,0.342599,0.840602
