epoch,train_loss,valid_loss,accuracy
1,0.406798,0.348970,0.835074
2,0.344616,0.319654,0.852119
3,0.326844,0.323635,0.848280
4,0.314819,0.320237,0.848280
5,0.302655,0.316839,0.853041
