epoch,train_loss,valid_loss,accuracy
1,0.385207,0.319799,0.853348
2,0.343514,0.330277,0.835381
3,0.325192,0.302571,0.866400
4,0.315317,0.301760,0.864558
5,0.305668,0.299933,0.865326
