epoch,train_loss,valid_loss,accuracy
1,0.392102,0.351448,0.823403
2,0.341607,0.330026,0.849509
3,0.324034,0.318645,0.846898
4,0.311611,0.315966,0.854115
5,0.302958,0.314655,0.853655
