epoch,train_loss,valid_loss,accuracy
1,0.388047,0.326344,0.846154
2,0.343880,0.319100,0.851374
3,0.326344,0.315799,0.851221
4,0.314143,0.309624,0.856595
5,0.304891,0.307257,0.855213
