epoch,train_loss,valid_loss,accuracy
1,0.392810,0.334706,0.839373
2,0.343074,0.334524,0.834920
3,0.322353,0.321992,0.848587
4,0.311098,0.315647,0.851966
5,0.304006,0.314642,0.849969
