epoch,train_loss,valid_loss,accuracy
1,0.396277,0.325646,0.850584
2,0.344556,0.315672,0.853194
3,0.328782,0.312532,0.852887
4,0.317238,0.305488,0.857647
5,0.304990,0.302835,0.858722
