epoch,train_loss,valid_loss,accuracy
1,0.398995,0.317295,0.854883
2,0.344781,0.321413,0.854883
3,0.328159,0.305986,0.860719
4,0.315151,0.302421,0.865018
5,0.306525,0.301673,0.863483
