epoch,train_loss,valid_loss,accuracy
1,0.386546,0.323311,0.853063
2,0.340606,0.318461,0.859512
3,0.328022,0.309269,0.856748
4,0.316290,0.309254,0.855980
5,0.306365,0.307647,0.857669
