epoch,train_loss,valid_loss,accuracy
1,0.369093,0.334624,0.842291
2,0.338837,0.368724,0.828778
3,0.323077,0.328840,0.848280
4,0.313946,0.314792,0.851812
5,0.303092,0.314743,0.854115
