epoch,train_loss,valid_loss,accuracy
1,0.386413,0.317361,0.855651
2,0.336522,0.311611,0.854883
3,0.322375,0.304172,0.863944
4,0.313854,0.302378,0.863790
5,0.305735,0.300480,0.863944
