epoch,train_loss,valid_loss,accuracy
1,0.399241,0.332336,0.841370
2,0.345117,0.330820,0.845055
3,0.325780,0.322582,0.847205
4,0.311627,0.314735,0.853501
5,0.303198,0.312696,0.854269
