epoch,train_loss,valid_loss,accuracy
1,0.394052,0.324287,0.847512
2,0.343333,0.320462,0.845670
3,0.325245,0.312739,0.851198
4,0.316552,0.308894,0.857494
5,0.306755,0.305943,0.856112
