epoch,train_loss,valid_loss,accuracy
1,0.382508,0.330635,0.845386
2,0.339921,0.324866,0.848918
3,0.321079,0.311649,0.859051
4,0.314302,0.311619,0.857823
5,0.304777,0.306144,0.858898
