epoch,train_loss,valid_loss,accuracy
1,0.399380,0.327346,0.848587
2,0.341857,0.317775,0.846898
3,0.329926,0.320027,0.848741
4,0.318492,0.309807,0.857494
5,0.306887,0.306930,0.858262
