epoch,train_loss,valid_loss,accuracy
1,0.381859,0.330795,0.846437
2,0.338732,0.340457,0.839681
3,0.322531,0.324588,0.844748
4,0.313643,0.317645,0.851505
5,0.304312,0.316726,0.851658
