epoch,train_loss,valid_loss,accuracy
1,0.417419,0.357139,0.829853
2,0.355349,0.327995,0.847052
3,0.333275,0.315166,0.851658
4,0.320544,0.312554,0.852733
5,0.312819,0.310835,0.854115
