epoch,train_loss,valid_loss,accuracy
1,0.409053,0.329993,0.845516
2,0.354733,0.331065,0.846898
3,0.331819,0.320431,0.850276
4,0.320902,0.317566,0.852887
5,0.313305,0.316405,0.851812
