epoch,train_loss,valid_loss,accuracy
1,0.390574,0.323482,0.847359
2,0.342434,0.331219,0.843366
3,0.328606,0.307824,0.858262
4,0.315131,0.306851,0.859337
5,0.304233,0.298775,0.867015
