epoch,train_loss,valid_loss,accuracy
1,0.373471,0.341127,0.842445
2,0.340471,0.328096,0.847819
3,0.321880,0.320865,0.851658
4,0.312372,0.314950,0.852887
5,0.301980,0.313066,0.852580
