epoch,train_loss,valid_loss,accuracy
1,0.384534,0.321710,0.851658
2,0.342721,0.328942,0.839988
3,0.324584,0.312986,0.851198
4,0.314444,0.309315,0.852733
5,0.305442,0.307190,0.858108
