epoch,train_loss,valid_loss,accuracy
1,0.448850,0.357119,0.827703
2,0.372068,0.358478,0.832463
3,0.346584,0.340567,0.838759
4,0.334230,0.340910,0.838606
5,0.326904,0.332652,0.843673
