epoch,train_loss,valid_loss,accuracy
1,0.430799,0.334489,0.838913
2,0.360688,0.321354,0.854115
3,0.333749,0.311073,0.858262
4,0.319353,0.306104,0.862101
5,0.310461,0.303998,0.863176
