epoch,train_loss,valid_loss,accuracy
1,0.371622,0.333234,0.843827
2,0.337946,0.358723,0.820792
3,0.323009,0.323929,0.851044
4,0.313057,0.313647,0.851351
5,0.304473,0.315460,0.851351
