epoch,train_loss,valid_loss,accuracy
1,0.381828,0.337953,0.844772
2,0.341227,0.328749,0.849992
3,0.325941,0.315643,0.855980
4,0.313557,0.308138,0.856748
5,0.305087,0.307194,0.857823
