epoch,train_loss,valid_loss,accuracy
1,0.445623,0.351389,0.831261
2,0.370355,0.323822,0.854138
3,0.336435,0.313513,0.856441
4,0.320292,0.308547,0.858437
5,0.310480,0.308517,0.857976
