epoch,train_loss,valid_loss,accuracy
1,0.440219,0.385648,0.823864
2,0.367347,0.375193,0.828624
3,0.355853,0.369122,0.832463
4,0.354386,0.373361,0.814650
5,0.351883,0.363398,0.824631
6,0.351482,0.361265,0.831695
7,0.348813,0.355176,0.834459
8,0.340092,0.356533,0.833385
9,0.336609,0.355136,0.835688
10,0.330341,0.354340,0.835381
