epoch,train_loss,valid_loss,accuracy
1,0.452664,0.360586,0.832335
2,0.374464,0.350562,0.838477
3,0.361351,0.356113,0.832028
4,0.359010,0.355571,0.834485
5,0.356362,0.348327,0.838784
6,0.350737,0.345564,0.839859
7,0.349392,0.345748,0.836481
8,0.339444,0.341527,0.841701
9,0.341137,0.340524,0.844772
10,0.337183,0.340774,0.843544
