epoch,train_loss,valid_loss,accuracy
1,0.471243,0.394314,0.826167
2,0.371153,0.375302,0.816493
3,0.358472,0.369463,0.827703
4,0.352862,0.362225,0.832002
5,0.352103,0.359009,0.833385
6,0.352826,0.363667,0.829853
7,0.349610,0.355624,0.836302
8,0.343394,0.355097,0.837070
9,0.339929,0.355055,0.837531
10,0.338067,0.354896,0.836916
