epoch,train_loss,valid_loss,accuracy
1,0.509253,0.407647,0.798833
2,0.393555,0.401503,0.822021
3,0.370028,0.370404,0.828163
4,0.362517,0.355893,0.839373
5,0.359768,0.363984,0.818182
6,0.359678,0.348829,0.839527
7,0.355863,0.349145,0.837838
8,0.352524,0.345897,0.842598
9,0.346337,0.343805,0.842752
10,0.344164,0.343396,0.841370
