epoch,train_loss,valid_loss,accuracy
1,0.504584,0.378082,0.827242
2,0.371336,0.363321,0.830160
3,0.357261,0.359104,0.830006
4,0.353873,0.356615,0.830927
5,0.347998,0.363170,0.832002
6,0.348837,0.357485,0.834459
7,0.346159,0.355394,0.836916
8,0.343213,0.355312,0.838759
9,0.339095,0.353421,0.839373
10,0.337943,0.353886,0.838145
