epoch,train_loss,valid_loss,accuracy
1,0.524758,0.405755,0.827576
2,0.398285,0.386540,0.824812
3,0.368799,0.354486,0.830186
4,0.366813,0.358888,0.834485
5,0.363367,0.352246,0.833717
6,0.358554,0.354827,0.830953
7,0.353796,0.349451,0.836788
8,0.351540,0.346353,0.837863
9,0.347646,0.343771,0.840626
10,0.344899,0.343185,0.842776
