epoch,train_loss,valid_loss,accuracy
1,0.445199,0.423197,0.813421
2,0.371092,0.380085,0.825399
3,0.359397,0.369725,0.826474
4,0.352322,0.380338,0.825706
5,0.350452,0.360434,0.834152
6,0.346786,0.357990,0.835227
7,0.347094,0.355839,0.837070
8,0.344272,0.355242,0.837531
9,0.338571,0.354198,0.837991
10,0.333225,0.354005,0.837991
