epoch,train_loss,valid_loss,accuracy
1,0.412187,0.384719,0.823710
2,0.376050,0.364087,0.830467
3,0.364986,0.365535,0.829853
4,0.359237,0.365827,0.833845
5,0.355997,0.353838,0.837070
6,0.349039,0.355582,0.834767
7,0.347135,0.354898,0.835842
8,0.339388,0.354967,0.837224
9,0.339070,0.351269,0.836916
10,0.335557,0.352407,0.837224
