epoch,train_loss,valid_loss,accuracy
1,0.398167,0.380979,0.824478
2,0.385905,0.418690,0.802365
3,0.379792,0.373471,0.824939
4,0.371768,0.372694,0.831388
5,0.358733,0.370713,0.828163
6,0.351172,0.366623,0.830927
7,0.352130,0.356122,0.831542
8,0.342434,0.355397,0.836456
9,0.334219,0.354552,0.836763
10,0.329630,0.353501,0.837377
