epoch,train_loss,valid_loss,accuracy
1,0.440450,0.370980,0.835560
2,0.371092,0.358265,0.838170
3,0.360938,0.376900,0.820820
4,0.359128,0.355795,0.831721
5,0.359936,0.353785,0.840012
6,0.354196,0.344478,0.841087
7,0.349383,0.345695,0.843697
8,0.343836,0.343161,0.844311
9,0.342735,0.341150,0.844618
10,0.338355,0.341356,0.843237
