epoch,train_loss,valid_loss,accuracy
1,0.412356,0.384083,0.827549
2,0.386030,0.488398,0.788237
3,0.370133,0.367410,0.829085
4,0.365650,0.482674,0.765049
5,0.359904,0.359303,0.829853
6,0.357957,0.356364,0.830313
7,0.348204,0.359847,0.830006
8,0.341971,0.355741,0.831388
9,0.339040,0.356456,0.833845
10,0.332398,0.356782,0.834920
