epoch,train_loss,valid_loss,accuracy
1,0.468558,0.379861,0.827703
2,0.375930,0.359125,0.830006
3,0.358533,0.359053,0.827396
4,0.357474,0.353497,0.831388
5,0.352372,0.345384,0.836302
6,0.352393,0.342988,0.838606
7,0.349021,0.342991,0.841063
8,0.346083,0.341320,0.839373
9,0.343663,0.340877,0.842752
10,0.340134,0.340902,0.840909
