epoch,train_loss,valid_loss,accuracy
1,0.397206,0.365509,0.838938
2,0.393065,0.352930,0.839245
3,0.377072,0.368019,0.819745
4,0.369869,0.345901,0.838477
5,0.358788,0.494985,0.833564
6,0.352687,1.853125,0.841548
7,0.349331,0.362173,0.838784
8,0.346283,0.342082,0.842622
9,0.339664,0.342863,0.843851
10,0.334237,0.342015,0.841855
