epoch,train_loss,valid_loss,accuracy
1,0.478338,0.381314,0.836020
2,0.382948,0.356559,0.835406
3,0.365920,0.357119,0.834178
4,0.360817,0.349409,0.839859
5,0.355002,0.354409,0.838323
6,0.352056,0.349662,0.838323
7,0.350788,0.346277,0.839245
8,0.350256,0.344424,0.841394
9,0.346205,0.343542,0.841548
10,0.340962,0.342723,0.842622
