epoch,train_loss,valid_loss,accuracy
1,0.455049,0.648211,0.802518
2,0.395704,0.494316,0.798833
3,0.555329,3.214308,0.743550
4,0.427506,0.382833,0.820946
5,0.377097,0.363233,0.833385
6,0.363941,0.357197,0.838145
7,0.362233,0.374023,0.823096
8,0.354317,4.548284,0.833077
9,0.349184,195.435562,0.836149
10,0.346430,12.376929,0.840295
