epoch,train_loss,valid_loss,accuracy
1,0.465579,0.437439,0.802365
2,0.374927,0.372401,0.827856
3,0.359435,0.363081,0.833692
4,0.356847,0.363081,0.831388
5,0.358306,0.366632,0.833231
6,0.352679,0.360916,0.832463
7,0.349228,0.353386,0.835534
8,0.342581,0.353003,0.836149
9,0.341333,0.352133,0.835381
10,0.338711,0.352361,0.836609
