epoch,train_loss,valid_loss,accuracy
1,0.467354,0.415103,0.824939
2,0.384141,0.376948,0.822328
3,0.369927,0.386516,0.811118
4,0.360799,0.390587,0.828010
5,0.362014,0.382555,0.814803
6,0.356441,0.357868,0.833999
7,0.353187,0.350729,0.837224
8,0.346940,0.354528,0.835995
9,0.341129,0.351490,0.838298
10,0.343156,0.351958,0.839066
