epoch,train_loss,valid_loss,accuracy
1,0.425648,0.495571,0.808815
2,0.383489,0.372336,0.831388
3,0.370475,0.360115,0.829853
4,0.372872,0.414705,0.832156
5,0.376444,0.372160,0.825860
6,0.355304,0.374813,0.823864
7,0.349498,0.369621,0.835995
8,0.344726,1.214082,0.835995
9,0.338599,0.366284,0.839220
10,0.336644,0.379542,0.839834
