epoch,train_loss,valid_loss,accuracy
1,0.414830,0.393952,0.819103
2,0.368757,0.387358,0.806358
3,0.363827,0.366220,0.824939
4,0.363109,0.355024,0.838145
5,0.357788,0.352663,0.836916
6,0.348142,0.360905,0.832770
7,0.346315,0.351779,0.835688
8,0.341383,0.349580,0.839988
9,0.335814,0.351731,0.838452
10,0.334386,0.350502,0.838606
