epoch,train_loss,valid_loss,accuracy
1,0.435095,0.395618,0.818182
2,0.370326,0.381037,0.812500
3,0.358598,0.371206,0.828010
4,0.353973,0.367002,0.830774
5,0.353168,0.367041,0.832002
6,0.348321,0.363443,0.830313
7,0.347252,0.358027,0.837531
8,0.341912,0.360538,0.837224
9,0.340829,0.354077,0.839373
10,0.332411,0.354826,0.838913
