epoch,train_loss,valid_loss,accuracy
1,0.467605,0.360541,0.834152
2,0.371146,0.349662,0.843827
3,0.356343,0.353480,0.840295
4,0.353737,0.349814,0.834459
5,0.348097,0.346515,0.834920
6,0.348379,0.346080,0.842905
7,0.346666,0.343446,0.841984
8,0.343871,0.343099,0.841677
9,0.342121,0.341525,0.842138
10,0.338735,0.341539,0.840141
