epoch,train_loss,valid_loss,accuracy
1,0.410314,0.357697,0.835406
2,0.371015,0.368720,0.831261
3,0.365893,0.351185,0.838630
4,0.359508,0.353429,0.836941
5,0.359191,0.348397,0.838170
6,0.353299,0.347276,0.838630
7,0.345912,0.343396,0.842315
8,0.340578,0.341554,0.841701
9,0.343044,0.341713,0.843851
10,0.335827,0.342120,0.841241
