epoch,train_loss,valid_loss,accuracy
1,0.437875,0.353093,0.837377
2,0.370535,0.360500,0.831849
3,0.361637,0.352518,0.837070
4,0.355192,0.348051,0.837838
5,0.352505,0.350606,0.839066
6,0.348618,0.343932,0.841063
7,0.347363,0.342681,0.844748
8,0.342136,0.341893,0.841677
9,0.343380,0.342129,0.841677
10,0.340204,0.341270,0.843059
