epoch,train_loss,valid_loss,accuracy
1,0.431734,0.375182,0.824324
2,0.374388,0.385677,0.805897
3,0.364911,0.346796,0.839220
4,0.359675,0.346975,0.839220
5,0.350324,0.354198,0.839066
6,0.350771,0.352487,0.836149
7,0.351718,0.344881,0.834306
8,0.341614,0.346828,0.837684
9,0.340794,0.343206,0.841984
10,0.334165,0.342394,0.837991
