epoch,train_loss,valid_loss,accuracy
1,0.432817,0.542490,0.793919
2,0.387916,0.374818,0.830006
3,0.400732,0.585938,0.756142
4,0.365183,0.373879,0.826935
5,0.363086,0.358421,0.838452
6,0.351622,0.359652,0.830620
7,0.346313,0.364274,0.826935
8,0.340064,0.358908,0.832156
9,0.335632,0.359638,0.832310
10,0.329967,0.360599,0.830620
