epoch,train_loss,valid_loss,accuracy
1,0.455587,0.366503,0.828778
2,0.377585,0.352505,0.837531
3,0.366368,0.351041,0.837377
4,0.358669,0.352694,0.834920
5,0.352801,0.346772,0.841216
6,0.349171,0.353487,0.832310
7,0.348544,0.345243,0.838759
8,0.344840,0.341942,0.840448
9,0.341132,0.341388,0.841677
10,0.338966,0.341100,0.842291
