epoch,train_loss,valid_loss,accuracy
1,0.426031,0.389700,0.824965
2,0.384388,0.354970,0.832796
3,0.385321,0.545716,0.736681
4,0.379382,0.563893,0.832489
5,0.363263,0.348863,0.840319
6,0.355538,0.380190,0.835406
7,0.358782,0.350332,0.842622
8,0.347435,0.340687,0.843697
9,0.345785,0.343114,0.844158
10,0.337696,0.342135,0.843544
