epoch,train_loss,valid_loss,accuracy
1,0.505345,0.447309,0.808047
2,0.395479,0.388615,0.824478
3,0.366291,0.362417,0.827703
4,0.362400,0.365391,0.832310
5,0.358513,0.362477,0.835842
6,0.357476,0.356267,0.833845
7,0.353585,0.355153,0.835227
8,0.350857,0.351964,0.837684
9,0.344735,0.351359,0.838145
10,0.342291,0.351440,0.838913
