epoch,train_loss,valid_loss,accuracy
1,0.422982,0.386004,0.828804
2,0.376865,0.373532,0.816981
3,0.364965,0.357685,0.833257
4,0.357585,0.384058,0.824812
5,0.355484,0.350551,0.841241
6,0.354013,0.344754,0.843544
7,0.346389,0.342506,0.843851
8,0.346432,0.344690,0.844004
9,0.338740,0.343154,0.843697
10,0.337283,0.343555,0.844311
