epoch,train_loss,valid_loss,accuracy
1,0.456272,0.446594,0.807893
2,0.386139,0.431895,0.784552
3,0.367904,0.391888,0.826628
4,0.358857,0.379977,0.817721
5,0.359869,0.363183,0.831388
6,0.358498,0.404517,0.806511
7,0.349983,0.359228,0.830774
8,0.345970,0.353636,0.839220
9,0.342962,0.352679,0.837377
10,0.341656,0.353172,0.836609
