epoch,train_loss,valid_loss,accuracy
1,0.432463,0.389650,0.825399
2,0.388026,0.365681,0.830160
3,0.408279,1.095701,0.755682
4,0.397618,0.377008,0.830774
5,0.360612,0.361418,0.831695
6,0.353542,0.361474,0.826474
7,0.348719,0.357764,0.834152
8,0.343065,0.352714,0.836763
9,0.341242,0.355659,0.840141
10,0.334579,0.355477,0.837224
