epoch,train_loss,valid_loss,accuracy
1,0.408039,0.389305,0.823277
2,0.392701,0.386146,0.818517
3,0.383822,0.359360,0.833103
4,0.370605,0.363307,0.829572
5,0.362025,0.348814,0.837095
6,0.353970,0.346401,0.838170
7,0.347603,0.344665,0.844158
8,0.342196,0.343170,0.842930
9,0.335913,0.342545,0.841701
10,0.333906,0.342590,0.841548
