epoch,train_loss,valid_loss,accuracy
1,0.438160,0.555573,0.770152
2,0.386716,0.352788,0.838630
3,0.370617,0.484813,0.822048
4,0.362656,0.439842,0.789959
5,0.363447,0.357757,0.835867
6,0.354245,0.372999,0.836634
7,0.349729,0.351635,0.841241
8,0.351177,0.341491,0.844772
9,0.340451,0.342378,0.841394
10,0.337101,0.342249,0.841855
