epoch,train_loss,valid_loss,accuracy
1,0.517966,0.429839,0.793151
2,0.392021,0.414694,0.801751
3,0.365729,0.380477,0.832156
4,0.360736,0.360344,0.833999
5,0.356008,0.417521,0.800369
6,0.352604,0.358590,0.828471
7,0.351817,0.359627,0.834306
8,0.348220,0.356316,0.836302
9,0.339110,0.354724,0.835688
10,0.340947,0.354994,0.836916
