epoch,train_loss,valid_loss,accuracy
1,0.484449,0.399104,0.826628
2,0.378131,0.383776,0.813729
3,0.361199,0.364905,0.821560
4,0.357834,0.355272,0.836916
5,0.353497,0.352648,0.837684
6,0.352444,0.349284,0.835688
7,0.351655,0.349373,0.838759
8,0.347312,0.350828,0.837684
9,0.341602,0.349969,0.837684
10,0.339468,0.349834,0.838759
