epoch,train_loss,valid_loss,accuracy
1,0.419504,0.451041,0.807586
2,0.373823,0.411534,0.810197
3,0.365979,0.366108,0.830774
4,0.358520,0.370637,0.830006
5,0.354328,0.371397,0.829238
6,0.347071,0.361273,0.837224
7,0.346320,0.356583,0.837224
8,0.342588,0.354294,0.837991
9,0.338191,0.352725,0.839066
10,0.333062,0.353082,0.838145
