epoch,train_loss,valid_loss,accuracy
1,0.446875,0.540454,0.773649
2,0.389978,0.406634,0.826474
3,0.369864,0.395337,0.828471
4,0.362416,0.359571,0.815571
5,0.358469,0.361084,0.822328
6,0.358920,0.410554,0.792690
7,0.357984,0.355210,0.824631
8,0.346823,0.345049,0.836763
9,0.340448,0.343798,0.842905
10,0.341447,0.342670,0.843980
