epoch,train_loss,valid_loss,accuracy
1,0.448003,0.381277,0.826321
2,0.366156,0.377253,0.826014
3,0.359203,0.365238,0.831235
4,0.356099,0.362475,0.824017
5,0.353082,0.368967,0.820946
6,0.350951,0.359770,0.830774
7,0.345347,0.361252,0.837531
8,0.340802,0.357471,0.831695
9,0.337173,0.354802,0.834306
10,0.335800,0.356583,0.835534
