epoch,train_loss,valid_loss,accuracy
1,0.456440,0.394512,0.824478
2,0.375266,0.376686,0.828163
3,0.362830,0.368182,0.828624
4,0.355341,0.388931,0.808815
5,0.350248,0.376434,0.819257
6,0.350441,0.361612,0.833538
7,0.349832,0.361484,0.829085
8,0.346459,0.355503,0.836916
9,0.345978,0.354297,0.837531
10,0.342745,0.353972,0.837991
