epoch,train_loss,valid_loss,accuracy
1,0.421256,0.442874,0.799447
2,0.380004,0.368166,0.829238
3,0.362913,0.359501,0.834767
4,0.354616,0.363576,0.826935
5,0.349589,0.367750,0.818182
6,0.355932,0.374675,0.816800
7,0.347932,0.351891,0.839066
8,0.342909,0.350655,0.839220
9,0.339563,0.351295,0.840295
10,0.335722,0.350622,0.839066
