epoch,train_loss,valid_loss,accuracy
1,0.441578,0.670064,0.782248
2,0.379463,0.469497,0.805436
3,0.369712,0.374337,0.824017
4,0.360355,0.411173,0.830160
5,0.354449,0.381170,0.813882
6,0.352103,0.362776,0.831542
7,0.350089,0.360141,0.829238
8,0.345323,0.354618,0.832310
9,0.338724,0.359490,0.830467
10,0.339074,0.357231,0.832617
