epoch,train_loss,valid_loss,accuracy
1,0.482968,0.383561,0.828624
2,0.372644,0.368893,0.826167
3,0.356979,0.374049,0.821100
4,0.354222,0.363376,0.827242
5,0.347162,0.358057,0.833077
6,0.351915,0.353992,0.837838
7,0.347926,0.358374,0.833692
8,0.342506,0.354131,0.837684
9,0.342822,0.353807,0.838759
10,0.334729,0.353840,0.838298
