epoch,train_loss,valid_loss,accuracy
1,0.567759,0.424720,0.819717
2,0.395654,0.407927,0.791923
3,0.367635,0.395697,0.824939
4,0.357986,0.370953,0.831081
5,0.358542,0.372722,0.832310
6,0.353694,0.365194,0.830467
7,0.350646,0.360555,0.831542
8,0.348256,0.355854,0.835534
9,0.345898,0.355938,0.834920
10,0.342384,0.356301,0.834767
