epoch,train_loss,valid_loss,accuracy
1,0.437219,0.370683,0.830160
2,0.373177,0.369533,0.820025
3,0.361750,0.352471,0.832770
4,0.357711,0.348310,0.834920
5,0.356389,0.348201,0.836149
6,0.354229,0.345332,0.841523
7,0.349140,0.343825,0.842905
8,0.345176,0.342790,0.843520
9,0.341924,0.340508,0.843520
10,0.338863,0.339499,0.841830
