epoch,train_loss,valid_loss,accuracy
1,0.437036,0.368121,0.831849
2,0.364960,0.363889,0.828163
3,0.356093,0.367736,0.833538
4,0.356600,0.367147,0.827549
5,0.353518,0.358688,0.831849
6,0.346274,0.356808,0.833692
7,0.345738,0.355993,0.832770
8,0.341273,0.356490,0.833845
9,0.336532,0.354195,0.832463
10,0.336761,0.354918,0.832310
