epoch,train_loss,valid_loss,accuracy
1,0.381789,0.319285,0.850891
2,0.340032,0.343979,0.841523
3,0.330929,0.363537,0.828471
4,0.325700,0.313806,0.856573
5,0.323429,0.309650,0.859029
6,0.317356,0.307447,0.861794
7,0.312691,0.316364,0.861486
8,0.308195,0.304278,0.863176
9,0.301744,0.302973,0.863790
10,0.298209,0.301782,0.866400
