epoch,train_loss,valid_loss,accuracy
1,0.370175,0.339543,0.843673
2,0.334427,0.328174,0.849816
3,0.327982,0.358406,0.839066
4,0.325417,0.341166,0.850891
5,0.319703,0.319846,0.847819
6,0.313862,0.321653,0.851658
7,0.307875,0.330393,0.851505
8,0.305341,0.316938,0.852733
9,0.297182,0.317291,0.852887
10,0.292122,0.318203,0.853194
