epoch,train_loss,valid_loss,accuracy
1,0.365788,0.328117,0.851198
2,0.338050,0.336253,0.853041
3,0.327904,0.359649,0.849355
4,0.321338,0.356639,0.829238
5,0.317385,0.322439,0.848434
6,0.312817,0.324457,0.851351
7,0.308553,0.319103,0.852273
8,0.303740,0.319373,0.853348
9,0.296066,0.318144,0.852119
10,0.292316,0.317236,0.852119
