epoch,train_loss,valid_loss,accuracy
1,0.373679,0.320105,0.850430
2,0.343954,0.337210,0.830006
3,0.333502,0.324714,0.859183
4,0.325952,0.321872,0.849969
5,0.323733,0.316892,0.852426
6,0.320151,0.307574,0.863790
7,0.314715,0.308977,0.853501
8,0.309885,0.307198,0.860719
9,0.303441,0.306107,0.864865
10,0.298431,0.306167,0.863944
