epoch,train_loss,valid_loss,accuracy
1,0.375975,0.324810,0.848280
2,0.340137,0.328218,0.836302
3,0.332797,0.351513,0.818950
4,0.324050,0.311509,0.854423
5,0.321081,0.315775,0.849048
6,0.315458,0.311280,0.853808
7,0.310501,0.308660,0.855805
8,0.305457,0.308866,0.857187
9,0.300135,0.309084,0.857187
10,0.294925,0.308713,0.855958
