epoch,train_loss,valid_loss,accuracy
1,0.366688,0.341875,0.834459
2,0.333888,0.333159,0.843520
3,0.328939,0.420072,0.824017
4,0.324993,0.364037,0.825246
5,0.318888,0.348754,0.847512
6,0.315709,0.325892,0.845670
7,0.310143,0.320811,0.851044
8,0.303547,0.317315,0.852119
9,0.298786,0.317281,0.852273
10,0.295955,0.317256,0.852733
