epoch,train_loss,valid_loss,accuracy
1,0.366398,0.357715,0.806972
2,0.337558,0.339726,0.833538
3,0.331046,0.321639,0.854115
4,0.329324,0.315893,0.849969
5,0.323079,0.311956,0.861640
6,0.317168,0.310335,0.855344
7,0.312359,0.301550,0.865172
8,0.306234,0.301622,0.863636
9,0.301670,0.301898,0.863944
10,0.297431,0.303036,0.864865
