epoch,train_loss,valid_loss,accuracy
1,0.382326,0.329672,0.842291
2,0.342051,0.348077,0.840295
3,0.331343,0.345216,0.829085
4,0.327328,0.326995,0.845823
5,0.321958,0.316262,0.854269
6,0.317080,0.311095,0.853655
7,0.312151,0.311495,0.857494
8,0.306607,0.310571,0.853962
9,0.300294,0.311083,0.851658
10,0.293859,0.309950,0.855651
