epoch,train_loss,valid_loss,accuracy
1,0.367388,0.326190,0.852295
2,0.340655,0.332137,0.844772
3,0.331075,0.323734,0.855673
4,0.326995,0.332916,0.840473
5,0.319213,0.314523,0.855827
6,0.314870,0.316548,0.854291
7,0.309492,0.311910,0.857209
8,0.305700,0.308721,0.857209
9,0.300046,0.306489,0.860740
10,0.294334,0.307270,0.859512
