epoch,train_loss,valid_loss,accuracy
1,0.379145,0.330803,0.841370
2,0.341432,0.349095,0.826781
3,0.330835,0.311723,0.854423
4,0.324912,0.313371,0.855651
5,0.319226,0.313435,0.850737
6,0.315611,0.309958,0.856419
7,0.312403,0.317748,0.854269
8,0.308116,0.309116,0.856880
9,0.301016,0.309760,0.858569
10,0.295827,0.309244,0.858415
