epoch,train_loss,valid_loss,accuracy
1,0.368361,0.339337,0.841677
2,0.336348,0.328573,0.852119
3,0.334246,0.434943,0.797604
4,0.324760,0.324598,0.855651
5,0.320800,0.310774,0.855037
6,0.317371,0.309212,0.854269
7,0.311402,0.306709,0.855805
8,0.305788,0.309872,0.857955
9,0.298971,0.306936,0.858415
10,0.295468,0.310330,0.857647
