epoch,train_loss,valid_loss,accuracy
1,0.376255,0.320179,0.857647
2,0.342294,0.322628,0.843520
3,0.331197,0.313261,0.853194
4,0.326406,0.323423,0.854269
5,0.322693,0.310160,0.861486
6,0.317068,0.310741,0.857033
7,0.311933,0.301088,0.863176
8,0.308377,0.302469,0.862715
9,0.300886,0.298976,0.866861
10,0.295023,0.298793,0.866861
