epoch,train_loss,valid_loss,accuracy
1,0.370741,0.322132,0.854752
2,0.339997,0.337196,0.853831
3,0.331102,0.325596,0.846922
4,0.325237,0.315694,0.855366
5,0.320965,0.321088,0.856134
6,0.314239,0.311923,0.854752
7,0.311160,0.311682,0.858130
8,0.305509,0.308576,0.857055
9,0.298539,0.309542,0.859819
10,0.295738,0.309514,0.857823
