epoch,train_loss,valid_loss,accuracy
1,0.379417,0.320398,0.855213
2,0.346543,0.330723,0.850146
3,0.331001,0.322557,0.859358
4,0.322540,0.310157,0.857976
5,0.315568,0.316380,0.855213
6,0.312539,0.315267,0.854906
7,0.305761,0.307196,0.858898
8,0.301445,0.307957,0.861047
9,0.296547,0.306493,0.860279
10,0.291796,0.307092,0.860587
