epoch,train_loss,valid_loss,accuracy
1,0.373810,0.335846,0.846284
2,0.336417,0.330478,0.842445
3,0.330026,0.341566,0.853962
4,0.325393,0.362524,0.822328
5,0.320797,0.323828,0.849969
6,0.314085,0.316817,0.852580
7,0.310094,0.324288,0.850430
8,0.303190,0.320581,0.849816
9,0.296543,0.319370,0.851351
10,0.291454,0.318315,0.851505
