epoch,train_loss,valid_loss,accuracy
1,0.379325,0.332994,0.845823
2,0.341610,0.395174,0.808815
3,0.329308,0.366474,0.823710
4,0.324709,0.320950,0.850891
5,0.318682,0.330327,0.846284
6,0.313796,0.320715,0.847973
7,0.309345,0.318203,0.851505
8,0.303892,0.322804,0.845209
9,0.298540,0.317582,0.852119
10,0.294347,0.319217,0.850276
