epoch,train_loss,valid_loss,accuracy
1,0.384901,0.351724,0.828778
2,0.342304,0.347589,0.837070
3,0.331157,0.332139,0.843059
4,0.321420,0.407422,0.812039
5,0.317536,0.330241,0.842138
6,0.312814,0.318150,0.848434
7,0.310025,0.322410,0.849509
8,0.304951,0.317784,0.852119
9,0.298610,0.319529,0.850584
10,0.293869,0.319207,0.851351
