epoch,train_loss,valid_loss,accuracy
1,0.372811,0.336191,0.842598
2,0.337228,0.326725,0.847512
3,0.334234,0.339729,0.839988
4,0.324435,0.331876,0.847666
5,0.318601,0.341298,0.844748
6,0.314222,0.323411,0.847205
7,0.310587,0.321225,0.850737
8,0.305307,0.320219,0.854115
9,0.298647,0.320682,0.853501
10,0.292362,0.321104,0.852887
