epoch,train_loss,valid_loss,accuracy
1,0.366314,0.340730,0.847359
2,0.334167,0.332377,0.844441
3,0.327137,0.332562,0.847819
4,0.322660,0.323385,0.847359
5,0.319574,0.321456,0.851658
6,0.314928,0.327149,0.844595
7,0.309579,0.327450,0.843366
8,0.305389,0.317153,0.851198
9,0.301990,0.316096,0.850891
10,0.294385,0.316941,0.852119
