epoch,train_loss,valid_loss,accuracy
1,0.465837,0.362827,0.844287
2,0.367731,0.328987,0.843673
3,0.338117,0.321110,0.851505
4,0.324546,0.314394,0.850737
5,0.316858,0.309444,0.857955
6,0.312024,0.311545,0.857647
7,0.303335,0.308041,0.853194
8,0.296773,0.306657,0.859183
9,0.288847,0.308395,0.859490
10,0.282632,0.308060,0.858722
