epoch,train_loss,valid_loss,accuracy
1,0.455107,0.358114,0.836302
2,0.358854,0.320313,0.848894
3,0.333372,0.324243,0.849969
4,0.321152,0.325906,0.847205
5,0.312957,0.328580,0.847512
6,0.308837,0.319111,0.851198
7,0.301471,0.312580,0.853041
8,0.296590,0.312452,0.855190
9,0.291022,0.315233,0.855190
10,0.285383,0.312815,0.857033
