epoch,train_loss,valid_loss,accuracy
1,0.492363,0.339382,0.840141
2,0.373713,0.361320,0.829238
3,0.336241,0.332332,0.839066
4,0.322138,0.325957,0.850891
5,0.316181,0.342644,0.846744
6,0.313583,0.348548,0.836916
7,0.313085,0.323354,0.845977
8,0.315688,0.329349,0.840909
9,0.310129,0.317505,0.849816
10,0.312669,0.324488,0.849048
