epoch,train_loss,valid_loss,accuracy
1,0.341075,0.313756,0.854906
2,0.320364,0.314430,0.858283
3,0.314053,0.317682,0.855827
4,0.310520,0.309751,0.858283
5,0.306832,0.310378,0.857209
6,0.303876,0.312841,0.855827
7,0.300820,0.313602,0.856134
8,0.299090,0.311073,0.857823
9,0.294811,0.314547,0.855827
10,0.292322,0.312520,0.857362
