epoch,train_loss,valid_loss,accuracy
1,0.353850,0.307674,0.861333
2,0.326857,0.311059,0.858262
3,0.318179,0.315305,0.848587
4,0.313703,0.305380,0.861333
5,0.309930,0.305729,0.859797
6,0.309003,0.308165,0.865172
7,0.306173,0.307065,0.862254
8,0.301153,0.305949,0.858415
9,0.301450,0.308503,0.863329
10,0.300334,0.307408,0.857801
