epoch,train_loss,valid_loss,accuracy
1,0.427128,0.430848,0.793612
2,0.356816,0.351227,0.833231
3,0.335204,0.324451,0.849048
4,0.325144,0.325720,0.847666
5,0.317791,0.327571,0.847973
6,0.319045,0.319890,0.848280
7,0.317619,0.321894,0.849662
8,0.316051,0.397567,0.803133
9,0.322450,0.340708,0.844748
10,0.318785,0.343136,0.833538
