epoch,train_loss,valid_loss,accuracy
1,0.347429,0.324292,0.845670
2,0.322964,0.322374,0.851966
3,0.314988,0.319664,0.851966
4,0.309575,0.317367,0.850430
5,0.306023,0.320845,0.851812
6,0.305588,0.321225,0.846898
7,0.300650,0.322610,0.848587
8,0.298226,0.323643,0.849048
9,0.296339,0.318634,0.849048
10,0.295772,0.322701,0.846591
