epoch,train_loss,valid_loss,accuracy
1,0.462510,0.370670,0.836302
2,0.361673,0.333884,0.845823
3,0.331278,0.323604,0.851966
4,0.319479,0.327419,0.849509
5,0.311389,0.315131,0.851966
6,0.308713,0.318705,0.853041
7,0.301745,0.316580,0.852887
8,0.297624,0.314468,0.851966
9,0.288400,0.317946,0.852580
10,0.284545,0.317828,0.853194
