epoch,train_loss,valid_loss,accuracy
1,0.461156,0.339949,0.853501
2,0.362223,0.332911,0.855958
3,0.335480,0.310739,0.861794
4,0.323048,0.318341,0.853808
5,0.316705,0.304521,0.863636
6,0.311674,0.302392,0.865479
7,0.307964,0.300389,0.866861
8,0.300745,0.302505,0.865326
9,0.292580,0.302624,0.864711
10,0.286388,0.303108,0.863483
