epoch,train_loss,valid_loss,accuracy
1,0.469767,0.325587,0.849225
2,0.365150,0.319782,0.850299
3,0.333256,0.319208,0.851221
4,0.323794,0.320668,0.851374
5,0.320140,0.320923,0.849839
6,0.317908,0.325877,0.847996
7,0.316886,0.342752,0.840473
8,0.316428,0.323126,0.849378
9,0.321085,0.528864,0.748196
10,0.318992,0.313136,0.854445
