epoch,train_loss,valid_loss,accuracy
1,0.475454,0.319824,0.853962
2,0.369251,0.321091,0.850430
3,0.339507,0.317577,0.853348
4,0.328745,0.320570,0.847205
5,0.324426,0.314121,0.855190
6,0.326462,0.339649,0.829853
7,0.325092,0.336170,0.831849
8,0.319747,0.313059,0.854423
9,0.318370,0.310347,0.858569
10,0.316849,0.308204,0.863176
