epoch,train_loss,valid_loss,accuracy
1,0.478370,0.368103,0.830646
2,0.370836,0.337613,0.842776
3,0.335549,0.341467,0.836327
4,0.323257,0.348891,0.829879
5,0.313603,0.318850,0.851528
6,0.307966,0.312539,0.855213
7,0.302608,0.306566,0.860126
8,0.293875,0.307789,0.857209
9,0.287709,0.307918,0.858283
10,0.282099,0.307378,0.858437
