epoch,train_loss,valid_loss,accuracy
1,0.351040,0.321672,0.853808
2,0.324754,0.313287,0.852273
3,0.316253,0.309243,0.855037
4,0.312160,0.309223,0.852580
5,0.311493,0.310476,0.854269
6,0.310334,0.317111,0.852273
7,0.307912,0.311000,0.854423
8,0.304669,0.308275,0.857340
9,0.301499,0.317356,0.851658
10,0.298158,0.310289,0.853348
