epoch,train_loss,valid_loss,accuracy
1,0.351853,0.317795,0.845977
2,0.324178,0.318928,0.849816
3,0.317159,0.322859,0.847666
4,0.314608,0.323250,0.849355
5,0.310586,0.328769,0.850276
6,0.308451,0.320279,0.849816
7,0.306482,0.314797,0.851351
8,0.303192,0.314242,0.853501
9,0.302055,0.325874,0.853194
10,0.301131,0.322393,0.849048
