epoch,train_loss,valid_loss,accuracy
1,0.482361,0.322414,0.851044
2,0.369127,0.321774,0.850737
3,0.337953,0.314912,0.854269
4,0.327768,0.331531,0.847052
5,0.321753,0.314387,0.853041
6,0.316742,0.317375,0.851044
7,0.314321,0.319497,0.848127
8,0.312866,0.312573,0.856112
9,0.315618,0.311770,0.855037
10,0.313174,0.309550,0.857801
