epoch,train_loss,valid_loss,accuracy
1,0.438073,0.344234,0.836788
2,0.355051,0.322627,0.851221
3,0.329293,0.316633,0.854291
4,0.316224,0.315084,0.857055
5,0.313522,0.311956,0.857209
6,0.309486,0.306824,0.856902
7,0.303788,0.311993,0.856134
8,0.299634,0.309167,0.855520
9,0.291089,0.308425,0.857362
10,0.285632,0.308707,0.857976
