epoch,train_loss,valid_loss,accuracy
1,0.410156,0.359021,0.839681
2,0.349461,0.316514,0.859797
3,0.328878,0.316089,0.849662
4,0.318577,0.327770,0.847512
5,0.312033,0.304220,0.861947
6,0.308691,0.302314,0.865479
7,0.308414,0.312596,0.851812
8,0.299076,0.298585,0.867015
9,0.292695,0.298553,0.866708
10,0.288121,0.300187,0.866861
