epoch,train_loss,valid_loss,accuracy
1,0.406609,0.348136,0.826781
2,0.345341,0.332750,0.845670
3,0.325901,0.318737,0.855037
4,0.316183,0.319942,0.849202
5,0.309965,0.319658,0.851658
6,0.306647,0.315899,0.849816
7,0.301333,0.313792,0.851351
8,0.296903,0.313335,0.855037
9,0.287528,0.315243,0.855498
10,0.282099,0.316059,0.854883
