epoch,train_loss,valid_loss,accuracy
1,0.446221,0.365885,0.837556
2,0.363366,0.410410,0.821434
3,0.337822,0.322916,0.849532
4,0.324649,0.314363,0.855213
5,0.318786,0.316625,0.853677
6,0.312815,0.316002,0.853984
7,0.304898,0.313977,0.856134
8,0.297550,0.309605,0.861047
9,0.292039,0.305367,0.862736
10,0.286501,0.307656,0.860740
