epoch,train_loss,valid_loss,accuracy
1,0.456596,0.362191,0.846591
2,0.362042,0.320447,0.837224
3,0.335767,0.306470,0.864097
4,0.324572,0.305678,0.862561
5,0.316718,0.305848,0.862869
6,0.311209,0.307127,0.860872
7,0.305060,0.303437,0.862101
8,0.300624,0.301869,0.859951
9,0.292940,0.301659,0.864251
10,0.288947,0.300592,0.863636
