epoch,train_loss,valid_loss,accuracy
1,0.436185,0.345781,0.832002
2,0.359412,0.337386,0.846437
3,0.334082,0.314580,0.855498
4,0.321693,0.310121,0.851812
5,0.316871,0.314504,0.853041
6,0.312428,0.307873,0.859951
7,0.309516,0.308734,0.849816
8,0.302413,0.309627,0.860412
9,0.293680,0.306763,0.859029
10,0.286896,0.307068,0.859029
