epoch,train_loss,valid_loss,accuracy
1,0.444678,0.345589,0.841394
2,0.358494,0.317449,0.854291
3,0.330152,0.315070,0.855213
4,0.319938,0.315504,0.854906
5,0.313885,0.319256,0.855059
6,0.308220,0.311210,0.858283
7,0.300961,0.308597,0.859665
8,0.294975,0.309661,0.861815
9,0.287377,0.310712,0.862890
10,0.281588,0.310710,0.861201
