epoch,train_loss,valid_loss,accuracy
1,0.393850,0.326714,0.847666
2,0.347244,0.329496,0.839988
3,0.327268,0.305525,0.855190
4,0.313360,0.303750,0.862101
5,0.305242,0.300331,0.861179
