epoch,train_loss,valid_loss,accuracy
1,0.389018,0.334643,0.847819
2,0.340906,0.331152,0.841984
3,0.322987,0.328478,0.848587
4,0.313940,0.316663,0.851198
5,0.304166,0.313703,0.853655
