epoch,train_loss,valid_loss,accuracy
1,0.393342,0.325032,0.849662
2,0.343539,0.321118,0.855037
3,0.326582,0.311347,0.854423
4,0.314756,0.304982,0.857340
5,0.304532,0.305745,0.856573
