epoch,train_loss,valid_loss,accuracy
1,0.388637,0.315446,0.860412
2,0.339113,0.322967,0.845055
3,0.323541,0.306296,0.860104
4,0.314539,0.301204,0.863944
5,0.306497,0.300692,0.863483
