epoch,train_loss,valid_loss,accuracy
1,0.392995,0.335309,0.841548
2,0.343061,0.316760,0.854752
3,0.326428,0.320229,0.855520
4,0.313536,0.308314,0.858437
5,0.305558,0.307342,0.858437
