epoch,train_loss,valid_loss,accuracy
1,0.390719,0.330754,0.844748
2,0.343949,0.347703,0.828317
3,0.323233,0.316583,0.849509
4,0.311021,0.315547,0.854730
5,0.301157,0.315842,0.853194
