epoch,train_loss,valid_loss,accuracy
1,0.387171,0.316358,0.857494
2,0.341930,0.314850,0.853041
3,0.326286,0.305030,0.858415
4,0.314918,0.304710,0.863176
5,0.305020,0.301013,0.864404
