epoch,train_loss,valid_loss,accuracy
1,0.387305,0.321089,0.849816
2,0.338236,0.331605,0.848280
3,0.321879,0.334374,0.831849
4,0.309839,0.312841,0.851505
5,0.300187,0.313821,0.853194
