epoch,train_loss,valid_loss,accuracy
1,0.393584,0.334510,0.842905
2,0.341632,0.345553,0.832924
3,0.326077,0.338761,0.838606
4,0.313981,0.313168,0.852426
5,0.304191,0.312908,0.851505
