epoch,train_loss,valid_loss,accuracy
1,0.395241,0.326942,0.851528
2,0.343885,0.322546,0.851221
3,0.326775,0.322937,0.850607
4,0.316597,0.309542,0.858744
5,0.304086,0.306959,0.856748
