epoch,train_loss,valid_loss,accuracy
1,0.379013,0.317595,0.850891
2,0.336535,0.340373,0.832156
3,0.321927,0.306224,0.858108
4,0.310687,0.301622,0.861640
5,0.303063,0.302542,0.860719
