epoch,train_loss,valid_loss,accuracy
1,0.381699,0.322651,0.860104
2,0.336965,0.311026,0.863176
3,0.322446,0.306386,0.860565
4,0.316943,0.302617,0.861333
5,0.307030,0.299866,0.865479
