epoch,train_loss,valid_loss,accuracy
1,0.403326,0.354373,0.831849
2,0.342393,0.325357,0.851966
3,0.324429,0.316593,0.850584
4,0.312992,0.317298,0.853194
5,0.303141,0.314997,0.851044
