epoch,train_loss,valid_loss,accuracy
1,0.398520,0.337172,0.841677
2,0.343865,0.325749,0.845977
3,0.324722,0.324160,0.846437
4,0.314053,0.319927,0.848894
5,0.304065,0.314902,0.853962
