epoch,train_loss,valid_loss,accuracy
1,0.392241,0.322616,0.853370
2,0.342394,0.339002,0.840473
3,0.323533,0.309977,0.858744
4,0.312709,0.307259,0.859205
5,0.305012,0.306325,0.856902
