epoch,train_loss,valid_loss,accuracy
1,0.455257,0.344025,0.843673
2,0.358217,0.328960,0.845823
3,0.329429,0.328846,0.839988
4,0.321092,0.320631,0.848127
5,0.313455,0.318795,0.850430
6,0.307179,0.317800,0.849202
7,0.302459,0.315332,0.855190
8,0.296871,0.316691,0.852273
9,0.289081,0.316005,0.853655
10,0.282735,0.315784,0.854115
