epoch,train_loss,valid_loss,accuracy
1,0.459412,0.411758,0.810657
2,0.372033,0.441079,0.801290
3,0.344902,0.319728,0.861026
4,0.329991,0.317390,0.843673
5,0.324363,0.329175,0.840141
6,0.319886,0.316330,0.848587
7,0.315048,0.329021,0.836302
8,0.311938,0.307750,0.860258
9,0.309102,0.303691,0.863944
10,0.305992,0.303915,0.864097
