epoch,train_loss,valid_loss,accuracy
1,0.459478,0.389310,0.812989
2,0.370911,0.328444,0.845847
3,0.348185,0.329284,0.851374
4,0.334811,0.334170,0.838323
5,0.323808,0.314234,0.853677
6,0.317872,0.315880,0.852756
7,0.313187,0.320693,0.848764
8,0.310734,0.313837,0.854291
9,0.306985,0.307640,0.857209
10,0.306148,0.307950,0.856441
