epoch,train_loss,valid_loss,accuracy
1,0.446126,0.344160,0.843544
2,0.356619,0.326826,0.851528
3,0.330705,0.328431,0.855366
4,0.321513,0.313172,0.855673
5,0.312251,0.311201,0.859358
6,0.307502,0.318998,0.850453
7,0.300348,0.313364,0.854445
8,0.294483,0.314765,0.858437
9,0.288370,0.313066,0.855366
10,0.282820,0.313670,0.857823
