epoch,train_loss,valid_loss,accuracy
1,0.472263,0.383450,0.821867
2,0.365065,0.323502,0.850737
3,0.333481,0.334688,0.846437
4,0.321903,0.324953,0.851198
5,0.309029,0.318926,0.850276
6,0.305831,0.321060,0.852733
7,0.301815,0.313909,0.851198
8,0.293483,0.318176,0.854883
9,0.285905,0.318291,0.850584
10,0.280087,0.319488,0.852887
