epoch,train_loss,valid_loss,accuracy
1,0.434224,0.360988,0.837095
2,0.359959,0.478051,0.808076
3,0.336826,0.387891,0.844465
4,0.320655,0.331188,0.849839
5,0.315712,0.315878,0.852910
6,0.310324,0.318169,0.853677
7,0.305514,0.314384,0.859665
8,0.300094,0.312126,0.857976
9,0.289262,0.308682,0.858283
10,0.282734,0.310735,0.855366
