epoch,train_loss,valid_loss,accuracy
1,0.471198,0.364523,0.836609
2,0.365687,0.332405,0.845055
3,0.336746,0.335663,0.837531
4,0.327947,0.331516,0.839834
5,0.318938,0.318642,0.847973
6,0.314599,0.317437,0.847052
7,0.311811,0.320033,0.846898
8,0.307868,0.319501,0.849509
9,0.306029,0.315435,0.848741
10,0.303118,0.314897,0.850276
