epoch,train_loss,valid_loss,accuracy
1,0.454865,0.336927,0.847205
2,0.371048,0.376342,0.841984
3,0.338791,0.316401,0.855651
4,0.329294,0.349957,0.837070
5,0.318702,0.306068,0.857494
6,0.313135,0.327772,0.842291
7,0.307677,0.310501,0.847205
8,0.298974,0.307308,0.859337
9,0.293711,0.310032,0.858722
10,0.286830,0.308788,0.858876
