epoch,train_loss,valid_loss,accuracy
1,0.459469,0.347212,0.843544
2,0.365361,0.316971,0.853831
3,0.336527,0.318113,0.853524
4,0.323585,0.317069,0.855059
5,0.317608,0.315887,0.853984
6,0.315080,0.308607,0.856441
7,0.312452,0.310720,0.857362
8,0.307669,0.308800,0.856902
9,0.305320,0.307819,0.858898
10,0.302787,0.307268,0.858590
