epoch,train_loss,valid_loss,accuracy
1,0.392055,0.340094,0.837224
2,0.345231,0.322316,0.853655
3,0.325246,0.304693,0.864865
4,0.316729,0.301289,0.861947
5,0.306230,0.301140,0.864097
