epoch,train_loss,valid_loss,accuracy
1,0.393807,0.323683,0.851966
2,0.341333,0.331211,0.846744
3,0.325363,0.320844,0.853655
4,0.315918,0.305871,0.860719
5,0.303404,0.305258,0.860412
