epoch,train_loss,valid_loss,accuracy
1,0.390810,0.330375,0.841984
2,0.339143,0.328495,0.851351
3,0.326331,0.323001,0.848434
4,0.315854,0.316953,0.852426
5,0.303856,0.314085,0.852273
