epoch,train_loss,valid_loss,accuracy
1,0.453223,0.333925,0.842445
2,0.406126,0.347172,0.829085
3,0.389986,0.320479,0.850737
4,0.380155,0.323152,0.851505
5,0.373079,0.320368,0.851198
