epoch,train_loss,valid_loss,accuracy
1,0.446874,0.330702,0.844902
2,0.402248,0.319886,0.850891
3,0.390518,0.320328,0.851812
4,0.380809,0.320555,0.853655
5,0.373996,0.315022,0.856419
