epoch,train_loss,valid_loss,accuracy
1,0.398327,0.335745,0.837991
2,0.348625,0.331444,0.845977
3,0.327893,0.330057,0.840141
4,0.315994,0.316619,0.851812
5,0.306334,0.314045,0.851198
