epoch,train_loss,valid_loss,accuracy
1,0.443042,0.346456,0.841830
2,0.402625,0.324704,0.851198
3,0.386411,0.320018,0.852426
4,0.379028,0.325338,0.850123
5,0.370301,0.321523,0.849662
