epoch,train_loss,valid_loss,accuracy
1,0.471693,0.334093,0.858108
2,0.426711,0.322687,0.860565
3,0.416266,0.331775,0.857340
4,0.409283,0.321123,0.857955
5,0.401716,0.316306,0.863176
