epoch,train_loss,valid_loss,accuracy
1,0.400998,0.345320,0.844595
2,0.343406,0.324500,0.853501
3,0.325297,0.326215,0.847819
4,0.314746,0.316681,0.856880
5,0.303175,0.316111,0.855498
