epoch,train_loss,valid_loss,accuracy
1,0.462918,0.356238,0.836634
2,0.425555,0.324523,0.852602
3,0.410865,0.326263,0.855520
4,0.401690,0.317533,0.855673
5,0.397319,0.315903,0.858130
