epoch,train_loss,valid_loss,accuracy
1,0.470271,0.336519,0.845055
2,0.430608,0.327131,0.850123
3,0.413235,0.326405,0.855805
4,0.404602,0.321949,0.857801
5,0.397833,0.317336,0.857647
