epoch,train_loss,valid_loss,accuracy
1,0.457435,0.338698,0.842752
2,0.410158,0.333840,0.846437
3,0.391247,0.331062,0.846744
4,0.382742,0.323505,0.850430
5,0.373590,0.320796,0.849662
