epoch,train_loss,valid_loss,accuracy
1,0.476530,0.336258,0.842752
2,0.427081,0.329070,0.849202
3,0.412087,0.334868,0.841830
4,0.403386,0.332324,0.846591
5,0.398765,0.329885,0.847973
