epoch,train_loss,valid_loss,accuracy
1,0.447427,0.321542,0.854730
2,0.405508,0.331969,0.851658
3,0.389605,0.314364,0.861026
4,0.382193,0.315778,0.862408
5,0.376304,0.311859,0.863329
