epoch,train_loss,valid_loss,accuracy
1,0.475032,0.349233,0.843059
2,0.426686,0.341450,0.845823
3,0.412308,0.327353,0.847359
4,0.403433,0.333313,0.849202
5,0.396153,0.326520,0.850584
