epoch,train_loss,valid_loss,accuracy
1,0.470344,0.353123,0.843213
2,0.406451,0.342940,0.844902
3,0.387627,0.323824,0.851044
4,0.378942,0.321926,0.852273
5,0.373835,0.322424,0.850891
