epoch,train_loss,valid_loss,accuracy
1,0.413306,0.383761,0.823249
2,0.350391,0.319072,0.859490
3,0.330083,0.325636,0.837070
4,0.317111,0.303169,0.864865
5,0.307493,0.302549,0.866093
