epoch,train_loss,valid_loss,accuracy
1,0.469914,0.334368,0.847973
2,0.427565,0.327050,0.847359
3,0.412399,0.313057,0.861947
4,0.404875,0.315127,0.864097
5,0.400842,0.316980,0.860719
