epoch,train_loss,valid_loss,accuracy
1,0.393465,0.349352,0.833692
2,0.347405,0.338382,0.838145
3,0.326775,0.327466,0.851198
4,0.318499,0.320899,0.849969
5,0.305329,0.315194,0.851198
