epoch,train_loss,valid_loss,accuracy
1,0.392808,0.336590,0.842598
2,0.345992,0.317806,0.849509
3,0.326437,0.313171,0.856880
4,0.314800,0.310064,0.856265
5,0.304233,0.307230,0.857340
