epoch,train_loss,valid_loss,accuracy
1,0.472398,0.340488,0.849839
2,0.426912,0.325170,0.854138
3,0.415385,0.324769,0.855213
4,0.404671,0.315511,0.859205
5,0.397779,0.316524,0.859205
