epoch,train_loss,valid_loss,accuracy
1,0.469472,0.351899,0.845516
2,0.425147,0.342528,0.849355
3,0.412922,0.316045,0.856419
4,0.405248,0.332931,0.853962
5,0.398995,0.317760,0.859644
