epoch,train_loss,valid_loss,accuracy
1,0.448744,0.334519,0.848457
2,0.404941,0.323608,0.852449
3,0.389857,0.314707,0.855520
4,0.382132,0.315808,0.857055
5,0.375134,0.313298,0.859051
