epoch,train_loss,valid_loss,accuracy
1,0.382966,0.330555,0.854445
2,0.343630,0.317382,0.850760
3,0.329450,0.315572,0.856748
4,0.317212,0.306424,0.859819
5,0.308113,0.305673,0.858130
