epoch,train_loss,valid_loss,accuracy
1,0.447949,0.326188,0.847512
2,0.405081,0.314228,0.854883
3,0.389960,0.313527,0.861026
4,0.380542,0.313147,0.860872
5,0.375942,0.312479,0.863944
