epoch,train_loss,valid_loss,accuracy
1,0.451019,0.337036,0.848280
2,0.404737,0.321051,0.849969
3,0.387940,0.316602,0.857801
4,0.379462,0.313956,0.857033
5,0.372826,0.314343,0.859644
