epoch,train_loss,valid_loss,accuracy
1,0.472785,0.344564,0.839527
2,0.427240,0.359012,0.827396
3,0.411974,0.328849,0.845362
4,0.405001,0.327391,0.849969
5,0.401130,0.324821,0.852119
