epoch,train_loss,valid_loss,accuracy
1,0.415113,0.377491,0.816521
2,0.345661,0.312975,0.853217
3,0.328008,0.312891,0.858898
4,0.317565,0.309315,0.859358
5,0.305985,0.307258,0.859972
