epoch,train_loss,valid_loss,accuracy
1,0.459488,0.331081,0.850146
2,0.407927,0.321871,0.851528
3,0.391644,0.319309,0.855673
4,0.380581,0.316687,0.858898
5,0.373995,0.314020,0.857823
