epoch,train_loss,valid_loss,accuracy
1,0.478046,0.343000,0.838145
2,0.431321,0.360479,0.820946
3,0.414380,0.338414,0.840756
4,0.404754,0.323680,0.850430
5,0.399623,0.324235,0.852273
