epoch,train_loss,valid_loss,accuracy
1,0.364481,0.357795,0.834152
2,0.372544,0.373526,0.831235
3,0.366539,0.358894,0.828471
4,0.364947,0.356380,0.833845
5,0.366014,0.350276,0.837684
6,0.352446,0.351775,0.837991
7,0.356844,0.355135,0.832310
8,0.351438,0.348430,0.838452
9,0.349563,0.348190,0.838913
10,0.342117,0.347140,0.838606
