epoch,train_loss,valid_loss,accuracy
1,0.454453,0.339472,0.849816
2,0.360913,0.344784,0.824631
3,0.337095,0.317588,0.847205
4,0.328963,0.315143,0.848434
5,0.322153,0.311556,0.855805
6,0.317585,0.308761,0.854423
7,0.315107,0.311579,0.853041
8,0.312050,0.310051,0.853501
9,0.308769,0.306452,0.856112
10,0.305741,0.306326,0.855037
