epoch,train_loss,valid_loss,accuracy
1,0.455526,0.354428,0.838452
2,0.365088,0.465873,0.805590
3,0.338868,0.354456,0.833999
4,0.325586,0.364921,0.827703
5,0.315462,0.305443,0.862715
6,0.309737,0.303072,0.860719
7,0.305318,0.311294,0.853962
8,0.296440,0.307259,0.862715
9,0.289745,0.305610,0.864404
10,0.283612,0.307287,0.864711
