epoch,train_loss,valid_loss,accuracy
1,0.456234,0.363297,0.830313
2,0.362927,0.338791,0.847666
3,0.334287,0.322520,0.849969
4,0.323734,0.321928,0.850584
5,0.317614,0.318695,0.851658
6,0.314624,0.327615,0.847205
7,0.311190,0.318362,0.848127
8,0.309155,0.313849,0.855344
9,0.306038,0.315486,0.853501
10,0.303606,0.314727,0.851966
