epoch,train_loss,valid_loss,accuracy
1,0.377814,0.390844,0.801751
2,0.362917,0.348657,0.836916
3,0.365121,0.359017,0.821714
4,0.368809,0.349726,0.835842
5,0.359376,0.349416,0.837224
6,0.353804,0.343310,0.837684
7,0.345522,0.347543,0.843520
8,0.346426,0.342986,0.839373
9,0.345562,0.342083,0.840909
10,0.332709,0.342381,0.843980
