epoch,train_loss,valid_loss,accuracy
1,0.381099,0.393918,0.819564
2,0.372185,0.421006,0.772727
3,0.366907,0.404317,0.800369
4,0.364756,0.360919,0.833692
5,0.353056,0.407103,0.810350
6,0.355883,329.747009,0.824478
7,0.350692,19489.048828,0.832310
8,0.343077,1079.090088,0.833385
9,0.349409,1985.811890,0.835074
10,0.348799,1162.926392,0.835074
