epoch,train_loss,valid_loss,accuracy
1,0.462203,0.354920,0.840448
2,0.373990,0.329558,0.842138
3,0.344758,0.346744,0.837377
4,0.329429,0.353285,0.827088
5,0.323185,0.372470,0.826321
6,0.315449,0.318440,0.848587
7,0.311476,0.320480,0.850123
8,0.308643,0.316953,0.851198
9,0.303481,0.314696,0.853041
10,0.301680,0.314395,0.853041
