epoch,train_loss,valid_loss,accuracy
1,0.456545,0.354230,0.846898
2,0.365072,0.335475,0.840141
3,0.335171,0.317265,0.854730
4,0.323653,0.309359,0.859951
5,0.320092,0.312744,0.860719
6,0.317324,0.313507,0.852580
7,0.313535,0.311320,0.852426
8,0.310198,0.306434,0.862715
9,0.309956,0.306052,0.862101
10,0.306315,0.305808,0.863176
