epoch,train_loss,valid_loss,accuracy
1,0.470428,0.392800,0.825399
2,0.379261,0.420589,0.812346
3,0.345492,0.324656,0.844595
4,0.331878,0.315689,0.852273
5,0.323685,0.312964,0.850891
6,0.319117,0.326128,0.843827
7,0.316999,0.322632,0.848741
8,0.312117,0.308341,0.854730
9,0.308371,0.306839,0.855958
10,0.303948,0.305744,0.856265
