epoch,train_loss,valid_loss,accuracy
1,0.381047,0.373611,0.826935
2,0.379852,0.375651,0.819257
3,0.375829,0.507970,0.774877
4,0.366869,0.511212,0.763974
5,0.359929,0.359293,0.831081
6,0.354302,210346967040.000000,0.837531
7,0.360105,0.354582,0.834767
8,0.343578,1613049861505024.000000,0.835842
9,0.350198,321967425060864.000000,0.833385
10,0.333942,3978613158313984.000000,0.834152
