epoch,train_loss,valid_loss,accuracy
1,0.395719,0.387547,0.818335
2,0.374516,0.399488,0.792690
3,0.373375,0.392248,0.816185
4,0.376530,0.366377,0.827549
5,0.358452,11.038342,0.829853
6,0.353400,0.360567,0.830774
7,0.358705,0.357802,0.834767
8,0.343538,0.354781,0.835381
9,0.355498,0.354297,0.837838
10,0.343090,0.354253,0.838298
