epoch,train_loss,valid_loss,accuracy
1,0.432428,0.366338,0.829238
2,0.352350,0.332991,0.841063
3,0.328113,0.322229,0.846284
4,0.318493,0.318573,0.854115
5,0.313608,0.316173,0.849662
6,0.306701,0.311948,0.853194
7,0.300782,0.317281,0.853348
8,0.295053,0.313642,0.854115
9,0.290542,0.314125,0.855651
10,0.284204,0.312844,0.857494
