epoch,train_loss,valid_loss,accuracy
1,0.421452,0.319497,0.850737
2,0.351014,0.313064,0.854269
3,0.329373,0.309123,0.855344
4,0.319835,0.310640,0.851505
5,0.314612,0.317469,0.853348
6,0.308290,0.307036,0.857187
7,0.302999,0.308459,0.855498
8,0.295089,0.308997,0.857340
9,0.288368,0.309748,0.859644
10,0.281980,0.311077,0.860412
