epoch,train_loss,valid_loss,accuracy
1,0.384540,0.366401,0.830774
2,0.383572,0.382393,0.801597
3,0.372487,0.358073,0.832156
4,0.370048,0.356179,0.839988
5,0.361475,0.355995,0.827088
6,0.351853,0.346790,0.843213
7,0.362868,0.344870,0.842905
8,0.350479,0.343378,0.841523
9,0.344309,0.343494,0.844287
10,0.345630,0.342635,0.842598
