epoch,train_loss,valid_loss,accuracy
1,0.359421,0.367581,0.827856
2,0.351523,0.368305,0.830313
3,0.368557,0.367630,0.831542
4,0.360286,0.364643,0.828163
5,0.351634,0.367895,0.826474
6,0.343501,0.405440,0.834767
7,0.350293,0.361611,0.835842
8,0.339374,0.352226,0.837838
9,0.337707,0.358496,0.838606
10,0.338919,0.355452,0.839527
