epoch,train_loss,valid_loss,accuracy
1,0.404894,0.342944,0.844748
2,0.343165,0.334893,0.848280
3,0.324748,0.324331,0.845516
4,0.316383,0.326357,0.852273
5,0.313333,0.329444,0.846130
6,0.306599,0.315828,0.850276
7,0.300970,0.317626,0.850584
8,0.293795,0.314245,0.852887
9,0.286943,0.314345,0.852733
10,0.280461,0.316248,0.853501
