epoch,train_loss,valid_loss,accuracy
1,0.430621,0.360356,0.827242
2,0.358139,0.374911,0.846591
3,0.333505,0.324153,0.855651
4,0.322786,0.337960,0.843980
5,0.315048,0.345063,0.840756
6,0.311391,0.316594,0.851198
7,0.305423,0.319412,0.852119
8,0.298577,0.319108,0.852119
9,0.289818,0.317337,0.851044
10,0.284862,0.317859,0.851812
