epoch,train_loss,valid_loss,accuracy
1,0.420252,0.372103,0.822174
2,0.355516,0.472649,0.790387
3,0.333143,0.367673,0.825399
4,0.324360,0.344779,0.847205
5,0.316911,0.318576,0.849202
6,0.311638,0.319003,0.850891
7,0.305669,0.319375,0.850737
8,0.298977,0.312404,0.855651
9,0.290853,0.312457,0.857033
10,0.285884,0.311678,0.858569
