epoch,train_loss,valid_loss,accuracy
1,0.419956,0.347861,0.819592
2,0.350208,0.330954,0.845693
3,0.326933,0.315948,0.850146
4,0.319475,0.313708,0.854445
5,0.313393,0.322015,0.851835
6,0.308522,0.310023,0.860587
7,0.303792,0.308939,0.859051
8,0.296815,0.307933,0.860126
9,0.286530,0.310476,0.860433
10,0.279201,0.313043,0.858437
