epoch,train_loss,valid_loss,accuracy
1,0.368950,0.357579,0.831388
2,0.366583,0.368193,0.828163
3,0.369969,0.377882,0.828010
4,0.355942,0.358300,0.833845
5,0.361522,0.363651,0.833538
6,0.354496,0.361623,0.833231
7,0.344712,0.349044,0.840295
8,0.347137,1055306.125000,0.837070
9,0.330462,0.349846,0.839373
10,0.343800,0.349637,0.841063
