epoch,train_loss,valid_loss,accuracy
1,0.450933,0.336093,0.842905
2,0.361301,0.327606,0.846437
3,0.331206,0.320412,0.850737
4,0.319450,0.335005,0.842598
5,0.313273,0.320453,0.849355
6,0.307219,0.314573,0.852580
7,0.301135,0.318082,0.849509
8,0.294324,0.315917,0.849816
9,0.289281,0.316101,0.849662
10,0.283796,0.316899,0.850276
