epoch,train_loss,valid_loss,accuracy
1,0.413287,0.387431,0.823096
2,0.349832,0.335775,0.839988
3,0.330495,0.320879,0.849048
4,0.323720,0.323685,0.848741
5,0.315365,0.320367,0.846898
6,0.307482,0.313882,0.852119
7,0.300861,0.314554,0.853348
8,0.296799,0.311240,0.855498
9,0.290730,0.314598,0.855190
10,0.283665,0.314595,0.855344
