epoch,train_loss,valid_loss,accuracy
1,0.416294,0.324450,0.851966
2,0.346741,0.323084,0.842598
3,0.326614,0.309136,0.857955
4,0.320641,0.303588,0.857494
5,0.316003,0.306444,0.860258
6,0.311035,0.303391,0.862408
7,0.306082,0.304896,0.859797
8,0.300070,0.304716,0.857955
9,0.292984,0.301781,0.862715
10,0.287097,0.301497,0.862561
