epoch,train_loss,valid_loss,accuracy
1,0.325542,0.312662,0.856419
2,0.318370,0.309259,0.857955
3,0.311129,0.302788,0.863329
4,0.306709,0.301602,0.863483
5,0.302961,0.301897,0.862561
