epoch,train_loss,valid_loss,accuracy
1,0.377647,0.349100,0.838913
2,0.337355,0.337730,0.845977
3,0.326858,0.318847,0.852733
4,0.313945,0.319087,0.854269
5,0.306042,0.315765,0.855498
