epoch,train_loss,valid_loss,accuracy
1,0.376732,0.319424,0.850737
2,0.339857,0.337432,0.832463
3,0.327337,0.307722,0.854730
4,0.316248,0.314671,0.845977
5,0.307131,0.305412,0.855651
