epoch,train_loss,valid_loss,accuracy
1,0.315147,0.322803,0.848280
2,0.309298,0.318309,0.849509
3,0.305720,0.316795,0.850276
4,0.300994,0.313758,0.855190
5,0.297149,0.315734,0.850584
