epoch,train_loss,valid_loss,accuracy
1,0.329030,0.320916,0.852580
2,0.321120,0.307977,0.858108
3,0.314158,0.306467,0.856726
4,0.308399,0.306515,0.854883
5,0.304374,0.304390,0.857647
