epoch,train_loss,valid_loss,accuracy
1,0.319968,0.325745,0.845823
2,0.315576,0.317535,0.849355
3,0.310728,0.317557,0.849662
4,0.304768,0.313909,0.848280
5,0.303041,0.314499,0.848741
