epoch,train_loss,valid_loss,accuracy
1,0.377149,0.332623,0.841523
2,0.338292,0.333021,0.842138
3,0.321900,0.323102,0.846591
4,0.313635,0.315389,0.850891
5,0.304365,0.316029,0.850584
