epoch,train_loss,valid_loss,accuracy
1,0.394393,0.330775,0.842752
2,0.346700,0.314761,0.849969
3,0.329094,0.305351,0.862561
4,0.316785,0.301657,0.864711
5,0.307264,0.301218,0.868704
