epoch,train_loss,valid_loss,accuracy
1,0.328866,0.319663,0.852295
2,0.319451,0.310860,0.856748
3,0.312263,0.308663,0.857669
4,0.308848,0.307398,0.861508
5,0.306724,0.306428,0.860740
